City_ID,City,Country,Date,Lat,Lng,Max Temp,Humidity,Cloudiness,Wind Speed
0,puerto natales,CL,1731445654,-51.7236,-72.4875,17.25,51,75,11.83
1,jamestown,US,1731445580,42.097,-79.2353,7.23,57,0,4.12
2,la'ie,US,1731445654,21.6477,-157.9253,27.81,75,91,4.02
3,beloyarskiy,RU,1731445654,63.7119,66.6722,-21.45,100,39,1.53
4,waitangi,NZ,1731445654,-43.9535,-176.5597,13.23,71,9,2.68
5,nazarovo,RU,1731445655,56.0064,90.3914,-9.75,77,100,6.96
6,touros,BR,1731445655,-5.1989,-35.4608,25.72,79,5,5.99
7,al kharijah,EG,1731445655,25.4514,30.5464,17.83,49,19,3.66
8,adamstown,PN,1731445655,-25.066,-130.1015,21.65,72,100,4.31
9,saipan,MP,1731445655,15.1355,145.701,27.39,85,75,7.2
10,west island,CC,1731445657,-12.1568,96.8225,25.99,89,100,5.66
11,bethel,US,1731445657,41.3712,-73.414,9.05,52,0,5.14
12,castillos,UY,1731445657,-34.1667,-53.8333,15.59,55,30,3.15
13,margaret river,AU,1731445657,-33.95,115.0667,10.54,93,54,4.11
14,hithadhoo,MV,1731445657,-0.6,73.0833,28.47,74,100,7.93
15,vadso,NO,1731445658,70.0744,29.7487,2.09,87,75,7.72
16,albany,US,1731445658,42.6001,-73.9662,6.36,46,1,2.24
17,hermanus,ZA,1731445658,-34.4187,19.2345,13.22,86,2,1.19
18,whitecourt,CA,1731445658,54.1502,-115.6855,7.27,47,67,1.26
19,edinburgh of the seven seas,SH,1731445658,-37.0676,-12.3116,16.35,95,100,5.39
20,enewetak,MH,1731445659,11.3474,162.3373,28.44,77,31,6.12
21,sao felix do xingu,BR,1731445659,-6.6447,-51.995,28.2,63,94,0.55
22,stanley,GB,1731445659,54.868,-1.6985,4.04,93,0,1.54
23,lazaro cardenas,MX,1731445659,17.9583,-102.2,28.93,68,87,4.4
24,praia da vitoria,PT,1731445659,38.7333,-27.0667,19.18,90,100,7.84
25,ta`u,AS,1731445660,-14.2336,-169.5144,27.19,81,52,8.88
26,qaqortoq,GL,1731445660,60.7167,-46.0333,-2.98,75,100,3.95
27,rostovka,RU,1731445660,55.3842,71.8891,-9.58,94,100,5.66
28,vorgashor,RU,1731445660,67.5833,63.95,-23.17,100,100,1.68
29,tralee,IE,1731445660,52.2704,-9.7026,6.91,83,96,1.41
30,puerto ayora,EC,1731445661,-0.7393,-90.3518,23.64,83,100,2.68
31,ushuaia,AR,1731445661,-54.8,-68.3,11.49,87,100,1.83
32,port mathurin,MU,1731445661,-19.6833,63.4167,24.33,79,4,8.14
33,thunder bay,CA,1731445662,48.4001,-89.3168,4.05,68,26,4.8
34,papatowai,NZ,1731445662,-46.5619,169.4708,13.83,59,3,1.9
35,thompson,CA,1731445663,55.7435,-97.8558,5.06,65,100,4.97
36,olonkinbyen,SJ,1731445663,70.9221,-8.7187,0.15,97,100,12.57
37,calhoun,US,1731445663,42.2506,-85.0005,9.03,53,0,2.06
38,wakkanai,JP,1731445664,45.4094,141.6739,3.77,56,100,7.23
39,margate,GB,1731445664,51.3813,1.3862,11.5,71,99,1.79
40,grytviken,GS,1731445664,-54.2811,-36.5092,-1.36,77,100,4.86
41,khandyga,RU,1731445664,62.6667,135.6,-26.66,98,58,1.25
42,port-aux-francais,TF,1731445664,-49.35,70.2167,3.1,73,43,11.18
43,leh,IN,1731445665,34.1667,77.5833,-3.93,47,29,1.41
44,bredasdorp,ZA,1731445665,-34.5322,20.0403,15.03,81,1,2.62
45,okhotsk,RU,1731445665,59.3833,143.3,-15.8,72,42,7.67
46,arraial do cabo,BR,1731445665,-22.9661,-42.0278,24.92,83,40,6.69
47,ancud,CL,1731445665,-41.8697,-73.8203,12.77,77,70,3.53
48,agat village,GU,1731445666,13.3886,144.6585,27.52,86,75,9.77
49,hede,CN,1731445666,33.7681,120.2517,15.18,93,100,3.53
50,shenjiamen,CN,1731445666,29.9576,122.298,19.07,77,100,4.28
51,nova vicosa,BR,1731445666,-17.8919,-39.3719,25.55,84,8,5.89
52,mizan teferi,ET,1731445667,6.9833,35.5833,16.43,88,52,1.21
53,lebu,CL,1731445667,-37.6167,-73.65,13.56,75,58,9.6
54,utrik,MH,1731445667,11.2278,169.8474,28.19,72,10,7.0
55,hamilton,US,1731445668,39.1834,-84.5333,11.54,65,0,3.6
56,kurchatov,RU,1731445668,51.6601,35.6521,-0.94,83,19,1.85
57,christchurch,NZ,1731445544,-43.5333,172.6333,16.85,74,75,3.09
58,carnarvon,AU,1731445669,-24.8667,113.6333,21.41,76,93,6.48
59,acapulco de juarez,MX,1731445595,16.8634,-99.8901,29.9,74,20,2.57
60,chonchi,CL,1731445669,-42.6128,-73.8092,15.62,62,96,1.6
61,isafjordur,IS,1731445669,66.0755,-23.124,3.14,78,69,19.94
62,holualoa,US,1731445670,19.6228,-155.9522,26.97,68,0,3.6
63,kodiak,US,1731445670,57.79,-152.4072,2.73,48,0,7.72
64,tiksi,RU,1731445670,71.6872,128.8694,-18.88,96,100,1.22
65,ulanhot,CN,1731445670,46.0833,122.0833,-2.6,58,2,2.88
66,jieshi,CN,1731445647,22.8134,115.8257,23.05,81,100,10.62
67,lae,PG,1731445671,-6.7221,146.9847,23.61,84,100,2.34
68,smithers,CA,1731445671,54.7804,-127.1743,4.09,83,100,0.76
69,namibe,AO,1731445671,-15.1961,12.1522,23.91,63,35,3.65
70,kingston,JM,1731445671,17.997,-76.7936,26.76,96,100,0.31
71,portland,US,1731445312,45.5234,-122.6762,13.68,81,100,4.47
72,bikenibeu village,KI,1731445672,1.3673,173.1241,29.98,66,20,4.12
73,haiku-pauwela,US,1731445672,20.9219,-156.3051,27.01,71,40,14.75
74,chinde,NP,1731445672,26.8212,87.7095,18.5,77,0,2.48
75,shahba,SY,1731445672,32.8551,36.629,14.25,73,0,0.28
76,pundong,ID,1731445673,-7.9522,110.3486,25.13,88,100,1.91
77,udachny,RU,1731445673,66.4167,112.4,-18.09,100,100,1.76
78,ilulissat,GL,1731445673,69.2167,-51.1,-3.99,63,40,8.23
79,ishigaki,JP,1731445674,24.3448,124.1572,26.65,82,85,7.2
80,port alfred,ZA,1731445674,-33.5906,26.891,17.88,88,29,3.13
81,port elizabeth,ZA,1731445674,-33.918,25.5701,17.95,90,23,4.47
82,karratha,AU,1731445674,-20.7377,116.8463,27.1,46,4,4.54
83,jabor,MH,1731445675,5.921,169.6434,28.23,75,51,4.1
84,lompoc,US,1731445445,34.6391,-120.4579,22.61,34,0,5.14
85,esmeraldas,BR,1731445675,-19.7625,-44.3139,22.66,78,65,2.06
86,miquelon,PM,1731445675,47.0975,-56.3814,8.8,97,100,4.6
87,luanco,ES,1731445676,43.6152,-5.7934,12.18,81,99,4.25
88,morehead city,US,1731445676,34.7229,-76.726,20.0,55,0,4.47
89,rio hato,PA,1731445676,8.3833,-80.1667,26.75,78,75,5.14
90,bilibino,RU,1731445676,68.0546,166.4372,-25.73,99,20,1.72
91,arkhangel'sk,RU,1731445676,64.5401,40.5433,0.06,100,100,4.0
92,badger,US,1731445677,64.8,-147.5333,-14.8,84,100,0.0
93,las matas de santa cruz,DO,1731445677,19.6712,-71.5047,30.55,61,99,2.79
94,belalcazar,CO,1731445677,2.6547,-75.9928,16.91,95,100,0.64
95,crane,US,1731445677,31.3974,-102.3501,26.86,43,100,10.69
96,paracuru,BR,1731445677,-3.41,-39.0306,25.9,78,10,5.03
97,blackmans bay,AU,1731445678,-43.0167,147.3167,15.07,85,97,1.55
98,manacapuru,BR,1731445678,-3.2997,-60.6206,32.3,52,100,1.77
99,ambon,ID,1731445678,-3.6954,128.1814,29.02,100,40,2.06
100,iqaluit,CA,1731445678,63.7506,-68.5145,-12.39,66,53,2.24
101,hawaiian paradise park,US,1731445679,19.5933,-154.9731,27.15,78,75,2.06
102,uturoa,PF,1731445679,-16.7333,-151.4333,26.03,73,99,8.3
103,ust-nera,RU,1731445679,64.5667,143.2,-30.77,98,97,0.36
104,prince rupert,CA,1731445680,54.3161,-130.3201,8.05,81,100,5.66
105,magadan,RU,1731445680,59.5667,150.8,-15.28,72,100,4.48
106,invercargill,NZ,1731445680,-46.4,168.35,12.22,59,7,0.46
107,ribeira grande,PT,1731445681,38.5167,-28.7,17.22,94,75,3.6
108,chibougamau,CA,1731445681,49.9168,-74.3659,-4.21,80,75,4.12
109,malaya purga,RU,1731445681,56.5567,53.0043,-1.76,92,100,4.91
110,la passe,FR,1731445681,45.5549,-0.8967,7.92,85,35,8.15
111,bardai,NG,1731445682,11.65,7.2333,23.05,31,16,3.74
112,dali,CN,1731445682,25.7,100.1833,9.31,83,0,1.75
113,maputo,MZ,1731445682,-25.9653,32.5892,20.82,100,75,0.51
114,polyarnyy,RU,1731445682,69.1989,33.4478,0.68,88,100,5.25
115,walvis bay,NA,1731445683,-22.9575,14.5053,15.21,86,20,3.98
116,cova figueira,CV,1731445683,14.8905,-24.2934,20.82,57,19,5.61
117,rongelap,MH,1731445683,11.1635,166.8941,28.41,77,63,6.61
118,susuman,RU,1731445683,62.7833,148.1667,-24.01,98,100,1.24
119,sola,VU,1731445684,-13.8833,167.55,26.91,79,79,8.29
120,kapuskasing,CA,1731445684,49.4169,-82.4331,1.13,79,69,1.15
121,avarua,CK,1731445684,-21.2078,-159.775,24.03,64,40,6.69
122,pindushi,RU,1731445684,62.9152,34.58,-0.01,97,97,1.89
123,sitia,GR,1731445684,35.2,26.0986,19.06,76,6,4.23
124,st. john's,CA,1731445685,47.5649,-52.7093,12.86,96,100,0.89
125,hoemul-li,KP,1731445685,41.4339,129.67,5.82,59,1,1.91
126,luanda,AO,1731445685,-8.8368,13.2343,25.42,85,100,4.5
127,katsuura,JP,1731445686,35.1333,140.3,16.82,83,0,6.4
128,east london,ZA,1731445686,-33.0153,27.9116,19.26,65,0,7.06
129,boguchany,RU,1731445687,58.3814,97.4531,-9.69,75,100,5.11
130,vel'sk,RU,1731445687,61.0701,42.0983,-2.98,94,82,1.87
131,pisco,PE,1731445687,-13.7,-76.2167,21.03,73,0,4.12
132,palmer,US,1731445687,42.1584,-72.3287,6.95,46,40,9.26
133,manokwari,ID,1731445687,-0.8667,134.0833,25.68,79,48,1.47
134,sharifabad,IR,1731445688,35.4202,51.7926,13.21,77,100,0.88
135,kharkhorin,MN,1731445688,47.1975,102.8238,1.34,40,100,3.82
136,altenholz,DE,1731445688,54.4,10.1333,7.01,93,75,1.54
137,port douglas,AU,1731444953,-16.4833,145.4667,25.79,71,25,2.14
138,anna regina,GY,1731445089,7.2644,-58.5077,26.92,83,100,3.31
139,fort mcmurray,CA,1731444894,56.7268,-111.381,0.77,74,75,8.23
140,bahia de kino,MX,1731445092,28.8333,-111.9333,24.86,36,0,4.57
141,maevatanana,MG,1731445093,-13.8831,48.5289,24.08,94,17,0.81
142,saynshand,MN,1731445689,44.8824,110.1163,0.48,53,4,2.05
143,yellowknife,CA,1731445690,62.456,-114.3525,-8.66,98,100,4.92
144,levanger,NO,1731445690,63.7464,11.2996,7.75,86,100,3.46
145,new norfolk,AU,1731445690,-42.7826,147.0587,15.51,59,100,1.37
146,puerto aysen,CL,1731445690,-45.4,-72.7,10.5,100,100,2.24
147,tolanaro,MG,1731445691,-25.0319,46.9987,23.55,97,100,2.05
148,mount isa,AU,1731445691,-20.7333,139.5,29.87,28,6,3.6
149,hasaki,JP,1731445691,35.7333,140.8333,18.9,68,0,9.69
150,butembo,CD,1731445691,0.15,29.2833,14.39,92,97,1.14
151,petropavlovsk-kamchatsky,RU,1731445692,53.0452,158.6483,-10.67,67,0,5.0
152,talnakh,RU,1731445692,69.4865,88.3972,-23.8,99,99,1.11
153,laguna,US,1731445692,38.421,-121.4238,16.73,64,0,3.6
154,college,US,1731445692,64.8569,-147.8028,-14.75,82,100,0.0
155,mikuni,JP,1731445693,36.2171,136.1519,14.2,73,33,7.14
156,longyearbyen,SJ,1731445693,78.2186,15.6401,2.91,75,75,8.75
157,conde,BR,1731445693,-7.2597,-34.9075,26.7,74,75,5.66
158,la ronge,CA,1731445694,55.1001,-105.2842,5.85,63,43,5.55
159,at-bashi,KG,1731445694,41.1702,75.8106,-0.2,52,100,0.33
160,bouake,CI,1731445694,7.6895,-5.0218,25.85,62,69,1.75
161,fisterra,ES,1731445694,42.9049,-9.2629,14.03,65,89,11.27
162,westport,US,1731445695,41.1415,-73.3579,10.01,48,1,3.13
163,nar'yan-mar,RU,1731445695,67.6713,53.087,-7.27,94,100,5.97
164,ylitornio,FI,1731445695,66.3089,23.6773,-0.18,91,93,2.97
165,rocky mountain house,CA,1731445695,52.3668,-114.9188,6.92,42,100,1.62
166,jayapura,ID,1731445695,-2.5333,140.7,24.66,96,96,2.08
167,newman,US,1731445696,37.3138,-121.0208,15.58,74,8,0.89
168,kalianget,ID,1731445696,-7.05,113.9333,27.88,75,88,3.15
169,parham,AG,1731445696,17.0968,-61.7705,27.8,77,99,6.47
170,abepura,ID,1731445696,-2.6333,140.5833,24.45,94,20,2.06
171,lihue,US,1731445696,21.9789,-159.3672,26.77,70,0,7.2
172,tazovsky,RU,1731445697,67.4667,78.7,-21.74,95,84,5.04
173,wailua homesteads,US,1731445697,22.0669,-159.378,26.44,76,0,7.2
174,oum hadjer,TD,1731445697,13.2954,19.6966,28.53,16,1,5.9
175,mirny,RU,1731445697,62.5353,113.9611,-18.48,100,100,1.89
176,kupang,ID,1731445697,-10.1667,123.5833,27.32,74,8,2.57
177,klyuchi,RU,1731445698,52.2667,79.1667,-9.28,83,95,4.61
178,lushun,CN,1731445698,38.8,121.2667,6.12,47,98,4.33
179,cabedelo,BR,1731445698,-6.9811,-34.8339,27.37,75,5,4.3
180,minas de marcona,PE,1731445699,-15.2119,-75.1103,17.8,62,41,5.53
181,abak,NG,1731445699,4.9797,7.7917,24.67,90,25,1.99
182,geraldton,AU,1731445699,-28.7667,114.6,14.23,88,100,4.63
183,urengoy,RU,1731445700,65.9667,78.3667,-23.87,97,89,4.59
184,georgetown,MY,1731445700,5.4112,100.3354,27.96,78,20,1.03
185,opuwo,NA,1731445700,-18.0607,13.84,23.38,30,87,2.35
186,isangel,VU,1731445700,-19.55,169.2667,26.06,69,20,5.14
187,yarmouth,US,1731445701,41.7057,-70.2286,9.44,64,100,15.65
188,hancheng,CN,1731445701,32.5186,112.3522,15.64,75,76,3.46
189,stryi,UA,1731445701,49.2622,23.8561,-0.95,91,22,1.63
190,arteche,PH,1731445154,12.2645,125.4048,24.84,94,90,2.17
191,san patricio,US,1731445155,28.017,-97.5169,27.03,55,100,4.32
192,vilyuysk,RU,1731445156,63.7553,121.6247,-14.64,95,99,3.45
193,aral,CN,1731445157,40.5156,81.2636,7.84,53,98,0.42
194,undurkhaan,MN,1731445158,47.3194,110.6556,-1.21,51,30,3.69
195,esqueda,MX,1731445160,30.7167,-109.5833,24.23,9,0,7.89
196,punta arenas,CL,1731445161,-53.15,-70.9167,12.06,94,75,4.12
197,vilyuchinsk,RU,1731445163,52.9306,158.4028,-9.85,76,25,5.57
198,shalkar,KZ,1731445162,47.8288,59.6258,-2.47,73,10,3.11
199,oyama,JP,1731445165,36.3,139.8,14.32,64,0,1.49
200,keflavik,IS,1731445166,64.0049,-22.5624,7.24,76,75,16.98
201,jijel,DZ,1731445167,36.8205,5.7667,15.01,80,41,2.22
202,rong kwang,TH,1731445168,18.339,100.3174,23.02,90,22,0.46
203,choibalsan,MN,1731445169,48.0667,114.5,-3.36,69,23,4.29
204,labrador city,CA,1731445170,52.9463,-66.9114,-6.05,66,20,4.63
205,isola di capo rizzuto,IT,1731445172,38.96,17.0933,16.1,74,100,9.67
206,ceylanpinar,TR,1731445174,36.8472,40.05,15.6,39,20,3.08
207,camiri,BO,1731445175,-20.05,-63.5167,19.91,53,96,2.14
208,kulp,TR,1731445177,38.4972,41.0122,10.85,49,0,4.0
209,kuala belait,BN,1731445178,4.5833,114.1833,25.49,86,90,1.84
210,priozersk,RU,1731445179,61.0393,30.1291,1.72,86,100,1.94
211,east end,US,1731445180,34.5507,-92.341,21.1,60,65,1.34
212,whitehorse,CA,1731445182,60.7161,-135.0538,-2.72,92,100,2.06
213,guarulhos,BR,1731445183,-23.4628,-46.5333,21.1,85,100,3.6
214,fort bragg,US,1731445184,35.139,-79.006,20.91,44,0,2.57
215,nadi,FJ,1731445185,-17.8,177.4167,29.0,74,20,2.57
216,sechura,PE,1731445187,-5.5569,-80.8222,24.01,59,30,7.28
217,queenstown,ZA,1731445189,-31.8976,26.8753,14.45,88,9,2.11
218,kununurra,AU,1731445188,-15.7667,128.7333,25.99,94,100,3.6
219,lospalos,TL,1731445190,-8.5186,127.0025,21.09,91,40,1.42
220,jiuquan,CN,1731445192,39.7432,98.5174,4.56,51,22,2.62
221,ilha de mocambique,MZ,1731445193,-15.0342,40.7358,26.63,87,70,2.88
222,akjoujt,MR,1731445194,19.6969,-14.4164,26.16,12,0,3.56
223,casper,US,1731444907,42.8666,-106.3131,9.33,47,100,5.66
224,thief river falls,US,1731445196,48.1191,-96.1812,8.96,46,40,7.72
225,happy valley-goose bay,CA,1731445198,53.3168,-60.3315,-0.83,86,100,4.63
226,shimoda,JP,1731445199,34.6667,138.95,16.69,75,16,4.07
227,zapolyarnyy,RU,1731445200,69.4154,30.8136,0.38,90,100,4.67
228,diamantino,BR,1731445201,-14.4086,-56.4461,24.07,90,90,3.94
229,mar del plata,AR,1731445202,-38.0023,-57.5575,18.3,52,0,6.69
230,ghormach,AF,1731445204,35.7306,63.7826,12.97,44,100,1.35
231,miguel ahumada,MX,1731445205,30.6167,-106.5167,25.9,7,99,5.71
232,morro do chapeu,BR,1731445206,-11.55,-41.1561,18.23,92,100,1.56
233,san antonio de pale,GQ,1731445209,-1.4014,5.6325,26.33,84,51,6.77
234,vila franca do campo,PT,1731445207,37.7167,-25.4333,20.23,99,100,5.41
235,lhokseumawe,ID,1731445210,5.1801,97.1507,25.5,86,100,1.92
236,yunfu,CN,1731445211,22.9306,112.0373,22.12,71,84,0.31
237,bandarbeyla,SO,1731445212,9.4942,50.8122,25.9,78,2,8.22
238,padang,ID,1731445213,-0.9492,100.3543,24.86,94,100,1.14
239,ghadamis,LY,1731445215,30.1337,9.5007,19.13,41,100,2.32
240,levice,SK,1731445216,48.2156,18.6071,1.48,61,100,0.5
241,al muwayh,SA,1731445217,22.4333,41.7583,22.57,26,0,4.51
242,constantia,RO,1731445218,44.1833,28.65,5.38,78,100,4.54
243,saint-juery,FR,1731445219,43.9488,2.2103,5.64,78,79,1.62
244,nagqu,CN,1731445221,31.5,92.0,-6.12,37,23,1.5
245,weno,FM,1731445222,7.4515,151.8468,28.44,77,85,5.85
246,pangoa,PE,1731445223,-12.1167,-73.0,26.62,68,100,1.95
247,benghazi,LY,1731445141,32.1167,20.0667,22.22,43,5,5.27
248,mbandaka,CD,1731445226,0.0487,18.2603,23.31,87,6,1.49
249,tual,ID,1731445227,-5.6667,132.75,28.05,77,100,4.82
250,wanning,CN,1731445228,18.8003,110.3967,22.86,89,100,1.63
251,sayansk,RU,1731445229,54.1088,102.1648,-9.68,82,67,2.6
252,malemort-sur-correze,FR,1731445230,45.1701,1.5619,5.4,83,27,2.43
253,toliara,MG,1731445232,-23.35,43.6667,24.54,64,43,3.44
254,santa cruz,BO,1731445234,-17.8,-63.1667,23.7,50,75,9.26
255,talitsa,RU,1731445235,56.8804,60.0213,-3.07,90,99,4.58
256,yatou,CN,1731445237,37.15,122.3833,10.37,56,97,1.19
257,greymouth,NZ,1731445238,-42.4667,171.2,15.15,49,2,0.32
258,menongue,AO,1731445239,-14.6585,17.691,18.22,92,81,1.78
259,laizhou,CN,1731445240,37.1717,119.9214,12.35,87,97,2.75
260,batesville,US,1731445242,35.7698,-91.641,19.97,46,0,4.12
261,charters towers,AU,1731445243,-20.1,146.2667,23.68,75,61,4.2
262,copiapo,CL,1731445244,-27.3667,-70.3333,23.92,36,1,4.12
263,birjand,IR,1731445246,32.8663,59.2211,10.26,37,0,2.06
264,xique xique,BR,1731445245,-10.8217,-42.7311,22.91,85,99,4.71
265,iskateley,RU,1731445248,67.6803,53.1512,-7.37,94,100,5.93
266,taft,IR,1731445249,31.7471,54.2088,11.97,35,0,0.0
267,arawa,PG,1731445250,-6.2132,155.5367,27.06,84,90,0.33
268,axim,GH,1731445254,4.8699,-2.2405,26.31,83,9,2.0
269,tidjikja,MR,1731445255,18.5564,-11.4271,25.2,14,0,3.08
270,saint-pierre,RE,1731445256,-21.3393,55.4781,21.82,78,14,2.57
271,hadithah,IQ,1731445257,34.1397,42.3781,18.36,55,0,3.94
272,aitape,PG,1731445258,-3.1374,142.3475,25.14,90,100,2.43
273,cambria,US,1731445260,35.5641,-121.0808,16.24,74,8,2.24
274,i-n-salah,DZ,1731445261,27.1935,2.4607,20.85,30,68,2.33
275,coquimbo,CL,1731445262,-29.9533,-71.3436,16.85,77,20,6.17
276,peace river,CA,1731445264,56.2501,-117.286,-2.83,80,100,2.57
277,wagar,SD,1731445265,16.1525,36.2032,25.66,65,3,8.35
278,taos,US,1731445267,36.4072,-105.5731,11.92,36,14,5.81
279,menziken,CH,1731445266,47.25,8.1833,4.66,90,100,2.24
280,didwana,IN,1731445269,27.4,74.5667,20.36,28,0,2.1
281,puerto baquerizo moreno,EC,1731445270,-0.9,-89.6,25.55,61,20,5.66
282,boa vista,BR,1731445271,2.8197,-60.6733,33.99,43,40,2.57
283,chakulia,IN,1731445272,22.4833,86.7167,21.27,69,3,1.33
284,malabrigo,AR,1731445273,-29.3464,-59.9696,27.18,18,68,2.87
285,luena,AO,1731445275,-11.7833,19.9167,16.76,94,19,1.47
286,fuyang,CN,1731445276,32.9,115.8167,17.04,71,98,4.84
287,kyzyl,RU,1731445277,51.7,94.45,-9.5,43,0,2.75
288,karachayevsk,RU,1731445278,43.774,41.9142,2.38,56,0,2.03
289,indianola,US,1731445279,41.3581,-93.5574,12.73,58,0,1.34
290,gulu,UG,1731445281,2.7746,32.299,19.73,92,100,1.42
291,brookings,US,1731444992,44.3114,-96.7984,10.59,62,0,10.8
292,alenquer,BR,1731445284,-1.9417,-54.7383,32.19,49,72,0.83
293,othello,US,1731445286,46.826,-119.1753,12.94,44,7,6.38
294,lubao,PH,1731445287,14.9167,120.55,24.84,92,45,0.75
295,saint-felicien,CA,1731445288,48.6501,-72.4491,0.38,80,75,6.69
296,marka,SO,1731445289,1.7159,44.7717,26.15,84,43,2.83
297,valdovino,ES,1731445291,43.6094,-8.1115,12.16,70,100,10.15
298,ankazobe,MG,1731445292,-18.3167,47.1167,21.91,63,87,1.92
299,kalabo,ZM,1731445293,-14.97,22.6814,20.0,82,73,1.91
300,pindi gheb,PK,1731445295,33.2402,72.2661,20.55,46,4,1.58
301,egilsstadir,IS,1731445296,65.2653,-14.3948,7.95,46,75,15.43
302,ardanuc,TR,1731445297,41.1274,42.0629,9.11,75,0,1.16
303,broken hill,AU,1731445298,-31.95,141.4333,15.6,70,0,11.22
304,wladyslawowo,PL,1731445161,54.7909,18.4009,4.96,87,100,2.03
305,villa gesell,AR,1731445301,-37.2639,-56.973,19.63,55,100,1.08
306,cabo san lucas,MX,1731445503,22.8909,-109.9124,28.75,57,20,2.06
307,mariehamn,AX,1731445303,60.0973,19.9348,-2.08,100,100,0.51
308,aubenas,FR,1731445304,44.6201,4.3899,4.54,91,99,2.66
309,hotan,CN,1731445306,37.0997,79.9269,8.71,47,99,0.92
310,hiratacho,JP,1731445307,35.4333,132.8167,15.98,77,100,5.66
311,porto novo,BJ,1731445232,6.4965,2.6036,27.9,83,98,2.78
312,chinchilla,AU,1731445309,-26.75,150.6333,21.12,91,58,6.23
313,izluchinsk,RU,1731445311,60.9794,76.9242,-22.99,98,56,1.46
314,salalah,OM,1731445312,17.0151,54.0924,24.11,59,0,0.78
315,sitka,US,1731445313,57.0531,-135.33,6.62,84,100,1.82
316,rimus,PH,1731445314,16.8764,120.3966,25.52,84,97,2.05
317,kerikeri,NZ,1731445315,-35.2268,173.9474,19.95,93,94,1.79
318,impfondo,CG,1731445317,1.6381,18.0667,23.63,85,56,1.4
319,langxiang,CN,1731445318,46.95,128.8833,-4.97,84,59,1.06
320,san pedro,PH,1731445319,14.35,121.0167,26.57,95,75,0.51
321,vigan,PH,1731445320,17.5747,120.3869,25.92,89,88,2.62
322,dudinka,RU,1731445322,69.4058,86.1778,-27.7,96,91,3.66
323,ar ruways,AE,1731445323,24.1103,52.7306,25.0,69,0,2.66
324,mili,MH,1731445324,6.0815,171.735,27.96,75,96,3.18
325,khasab,OM,1731445325,26.1799,56.2477,24.73,56,0,3.85
326,urcos,PE,1731445327,-13.6861,-71.6228,16.92,54,93,3.93
327,georgievka,KZ,1731445328,49.3314,81.5761,-8.74,79,25,1.5
328,sinop,TR,1731445329,41.7711,34.8709,8.91,88,98,2.57
329,bengkulu,ID,1731445330,-3.8004,102.2655,24.08,93,100,2.31
330,kibre mengist,ET,1731445736,5.8833,38.9833,13.06,84,11,1.17
331,xianyang,CN,1731445737,34.3378,108.7026,12.87,79,99,2.55
332,velikiy ustyug,RU,1731445737,60.7644,46.3106,-2.18,94,100,2.71
333,starobaltachevo,RU,1731445737,56.0013,55.9213,-1.13,94,100,5.09
334,ban su-ngai pa di,TH,1731445737,6.0724,101.8717,23.39,98,100,0.83
335,aykhal,RU,1731445737,66.0,111.5,-21.03,100,100,1.97
336,ciudad tula,MX,1731445738,23.0,-99.7167,27.04,36,17,2.34
337,acoyapa,NI,1731445738,11.9703,-85.1711,25.14,92,100,2.46
338,uacu cungo,AO,1731445738,-11.3634,15.1208,17.77,92,93,0.57
339,los lunas,US,1731445738,34.8062,-106.7334,19.42,29,0,1.79
340,flying fish cove,CX,1731445738,-10.4217,105.6791,25.82,94,100,4.12
341,levin,NZ,1731445739,-40.6333,175.275,18.15,68,5,2.28
342,thayetmyo,MM,1731445739,19.3167,95.1833,22.36,90,1,1.68
343,franklin,US,1731445739,39.9667,-83.0166,11.91,54,0,6.17
344,bac lieu,VN,1731445739,9.285,105.7244,25.31,85,94,1.05
345,salinopolis,BR,1731445740,-0.6136,-47.3561,26.95,77,98,5.16
346,saint-leu,RE,1731445740,-21.15,55.2833,21.48,97,85,1.56
347,bor,RU,1731445688,56.3567,44.0669,-0.04,75,100,3.72
348,guane,CU,1731445740,22.2025,-84.0875,27.88,78,48,1.42
349,ulladulla,AU,1731445740,-35.35,150.4667,18.76,77,8,2.68
350,eatonton,US,1731445741,33.3268,-83.3885,24.6,63,21,2.84
351,bechar,DZ,1731445741,31.6167,-2.2167,17.23,41,100,3.75
352,hadibu,YE,1731445741,12.65,54.0333,25.42,73,0,4.04
353,sault ste. marie,CA,1731445741,46.5168,-84.3333,7.16,42,0,2.57
354,remire-montjoly,GF,1731445742,4.9167,-52.2667,28.02,78,0,2.06
355,tofol,FM,1731445742,5.3248,163.0078,29.12,70,76,4.61
356,minab,IR,1731445743,27.1467,57.0801,25.44,69,0,1.03
357,afaahiti,PF,1731445743,-17.75,-149.2833,23.91,75,57,8.24
358,west bend,US,1731445719,43.4253,-88.1834,6.9,70,40,4.12
359,jinka,ET,1731445743,5.65,36.65,19.15,57,58,1.14
360,amos,CA,1731445743,48.5669,-78.1162,-1.7,70,86,1.03
361,atafu village,TK,1731445744,-8.5421,-172.5159,28.47,66,8,7.9
362,port lincoln,AU,1731445744,-34.7333,135.8667,15.04,78,6,3.94
363,homer,US,1731445744,59.6425,-151.5483,-1.06,70,0,1.54
364,valparaiso,CL,1731445744,-33.0393,-71.6273,31.8,40,0,11.32
365,banff,CA,1731445745,51.1762,-115.5698,2.8,66,32,3.0
366,kuju,IN,1731445745,23.7167,85.5,19.03,65,1,1.51
367,aasiaat,GL,1731445745,68.7098,-52.8699,-7.65,88,100,6.19
368,natal,BR,1731445745,-5.795,-35.2094,26.36,78,20,5.66
369,brisas de zicatela,MX,1731445745,15.8369,-97.0419,30.29,74,40,3.09
370,umba,RU,1731445746,66.6871,34.3429,1.34,89,100,4.78
371,fortuna,US,1731445746,40.5982,-124.1573,16.63,70,100,5.14
372,mastung,PK,1731445746,29.7994,66.845,10.41,28,20,0.67
373,leava,WF,1731445746,-14.3,-178.1667,27.51,81,100,6.07
374,suomussalmi,FI,1731445746,64.8869,28.9078,-0.16,94,100,3.64
375,sakakah,SA,1731445747,29.9697,40.2064,16.76,48,11,3.44
376,howard springs,AU,1731445747,-12.497,131.047,27.95,92,100,1.04
377,gadzhiyevo,RU,1731445748,69.2551,33.3362,0.77,87,100,5.38
378,paragominas,BR,1731445748,-2.9667,-47.4833,29.65,54,60,1.5
379,tazacorte,ES,1731445748,28.629,-17.9293,21.54,79,20,3.6
380,saint-jean-de-monts,FR,1731445748,46.7833,-2.0667,9.2,83,50,8.7
381,glace bay,CA,1731445749,46.1969,-59.957,8.83,99,100,2.57
382,manggar,ID,1731445749,-2.8833,108.2667,25.63,81,49,0.65
383,wynyard,AU,1731445749,-41.0,145.7167,15.66,93,88,1.3
384,carora,VE,1731445402,10.1755,-70.0827,27.74,68,100,2.09
385,lerwick,GB,1731445405,60.1545,-1.1494,11.43,94,99,11.4
386,nemuro,JP,1731445407,43.3236,145.575,4.5,59,24,13.51
387,mutuali,MZ,1731445406,-14.8706,37.0044,28.49,37,93,2.11
388,wenchang,CN,1731445409,30.904,118.4887,14.18,86,5,2.69
389,bayanhongor,MN,1731445410,46.7167,100.1167,-11.62,82,91,1.64
390,petukhovo,RU,1731445411,55.0692,67.9019,-7.73,94,100,7.1
391,turabah,SA,1731445414,21.2141,41.6331,22.01,26,18,5.09
392,arroyo,ES,1731445412,41.6096,-4.7969,6.02,79,0,4.63
393,anadyr,RU,1731445420,64.75,177.4833,-1.72,80,40,8.0
394,alofi,NU,1731445419,-19.0595,-169.9187,26.94,69,75,6.69
395,camana,PE,1731445417,-16.6228,-72.7111,19.89,74,100,2.81
396,colonia,DE,1731445416,50.9333,6.95,8.4,86,100,3.09
397,acarau,BR,1731445421,-2.8856,-40.12,26.07,77,8,5.53
398,mount pearl,CA,1731445422,47.5166,-52.7813,12.4,96,100,6.69
399,roma,US,1731445424,43.2128,-75.4557,6.08,52,75,7.2
400,khorugh,TJ,1731445428,37.4897,71.553,-2.06,97,100,1.01
401,dampit,ID,1731445429,-8.2116,112.7493,22.1,93,100,1.13
402,port saint john's,ZA,1731445431,-31.6229,29.5448,20.42,93,40,2.31
403,el calafate,AR,1731445430,-50.3408,-72.2768,12.87,72,59,6.21
404,mizdah,LY,1731445433,31.4451,12.9801,18.11,44,100,2.41
405,alesund,NO,1731445434,62.4723,6.1549,12.96,66,40,8.23
406,tumpat,MY,1731445435,6.1978,102.171,25.01,100,20,1.54
407,mata-utu,WF,1731445438,-13.2816,-176.1745,27.87,78,79,7.43
408,general conesa,AR,1731445437,-40.1,-64.4333,25.15,21,35,2.88
409,elliot lake,CA,1731445439,46.3834,-82.6331,3.77,55,2,0.82
410,solnechnyy,RU,1731445440,50.7214,136.6319,-9.78,84,5,1.72
411,pathein,MM,1731445442,16.7833,94.7333,23.41,91,0,2.29
412,benguela,AO,1731445233,-12.5763,13.4055,26.27,75,100,3.17
413,alindao,CF,1731445444,5.0267,21.2088,22.29,93,95,0.86
414,arroyito,AR,1731445446,-31.4202,-63.05,31.73,22,4,1.35
415,maluso,PH,1731445447,6.543,121.8753,26.6,81,100,0.4
416,guerrero negro,MX,1731445448,27.9769,-114.0611,19.9,67,1,9.62
417,markovo,RU,1731445452,57.3206,107.0881,-7.7,86,100,3.31
418,usinsk,RU,1731445451,65.9939,57.5281,-15.56,81,94,2.5
419,saldanha,ZA,1731445449,-33.0117,17.9442,15.03,89,1,9.26
420,akureyri,IS,1731445203,65.6835,-18.0878,8.96,49,75,14.4
421,ujae,MH,1731445456,8.9322,165.7642,28.52,75,77,5.81
422,hastings,GB,1731445454,50.8552,0.5729,8.86,52,100,8.19
423,turbat,PK,1731445457,26.0023,63.044,25.21,22,1,2.43
424,taoudenni,ML,1731445458,22.6783,-3.9836,26.47,18,0,3.54
425,port blair,IN,1731445459,11.6667,92.75,25.02,100,75,2.57
426,voru,EE,1731445183,57.8339,27.0194,3.74,93,100,2.5
427,morondava,MG,1731445461,-20.2833,44.2833,25.84,68,97,0.9
428,smolensk,RU,1731445463,55.0,33.0,-0.56,95,36,1.79
429,kimbe,PG,1731445466,-5.5502,150.1429,25.76,88,85,1.41
430,yuanping,CN,1731445468,38.7153,112.7575,9.22,90,100,0.51
431,moree,AU,1731445469,-29.4667,149.85,25.71,58,23,3.58
432,kristinestad,FI,1731445471,62.2743,21.376,5.44,86,40,3.07
433,point pedro,LK,1731445467,9.8167,80.2333,27.12,82,100,1.0
434,hami,CN,1731445472,42.8,93.45,8.59,52,77,2.79
435,silver city,US,1731445473,32.7701,-108.2803,17.98,18,0,9.77
436,vorkuta,RU,1731445474,67.5,64.0,-22.33,100,100,1.8
437,carahue,CL,1731445477,-38.7,-73.1667,15.91,55,47,4.18
438,sydney,AU,1731445599,-33.8679,151.2073,19.63,90,75,2.68
439,giado,LY,1731445478,31.9582,12.0203,18.79,46,63,1.97
440,nuku'alofa,TO,1731445479,-21.1333,-175.2,24.19,88,75,5.14
441,mahina,PF,1731445482,-17.5065,-149.489,28.87,65,40,3.09
442,kyabe,TD,1731445480,9.4515,18.9449,27.24,33,0,1.64
443,nuuk,GL,1731445483,64.1835,-51.7216,0.34,80,100,2.57
444,barra de santo antonio,BR,1731445484,-9.4047,-35.5072,25.5,79,1,5.15
445,dan gora,NG,1731445485,11.5349,8.1522,23.81,30,7,3.41
446,bonthe,SL,1731445488,7.5264,-12.505,26.94,81,100,2.46
447,hovd,MN,1731445487,48.0056,91.6419,-0.94,37,0,4.48
448,newport,GB,1731445489,51.5877,-2.9984,9.02,81,100,6.37
449,cole harbour,CA,1731445490,44.6724,-63.4751,11.77,91,75,2.68
450,alice springs,AU,1731445207,-23.7,133.8833,22.75,64,99,5.66
451,san ignacio,BZ,1731445767,17.1561,-89.0714,29.07,69,78,1.36
452,funafuti,TV,1731445491,-8.5243,179.1942,30.0,84,40,4.63
453,kavaratti,IN,1731445494,10.5669,72.642,28.71,69,89,4.49
454,alta,NO,1731445768,69.9689,23.2717,4.59,81,75,2.57
455,turkmenbasy,TM,1731445768,40.0222,52.9552,7.43,76,100,7.2
456,bamboo flat,IN,1731445768,11.7,92.7167,26.41,80,33,2.31
457,tura,IN,1731445768,25.5198,90.2201,18.08,89,0,1.8
458,akrehamn,NO,1731445769,59.2667,5.1833,6.14,93,75,1.54
459,chernyshevskiy,RU,1731445770,63.0128,112.4714,-13.63,94,100,1.72
460,suva,FJ,1731445506,-18.1416,178.4415,25.71,94,75,2.57
461,ballina,AU,1731445770,-28.8667,153.5667,21.18,84,41,0.5
462,prince albert,CA,1731445770,53.2001,-105.7677,6.83,57,100,3.8
463,kukmor,RU,1731445510,56.1855,50.8944,-2.62,93,89,4.9
464,inhambane,MZ,1731445511,-23.865,35.3833,23.66,87,4,1.96
465,ialibu,PG,1731445771,-6.2821,143.9935,15.14,93,100,0.99
466,ulsteinvik,NO,1731445771,62.3432,5.8487,12.95,77,99,3.13
467,jumla,NP,1731445771,29.2747,82.1838,3.37,64,0,2.07
468,sao bento,BR,1731445772,-6.2833,-37.75,30.6,28,65,1.52
469,saint george's,GD,1731445772,12.0564,-61.7485,27.12,84,100,5.24
470,zuromin,PL,1731445772,53.0661,19.9089,-1.52,57,0,1.46
471,juneau,US,1731445772,58.3019,-134.4197,4.67,97,100,1.54
472,manta,EC,1731445521,-0.95,-80.7333,25.88,65,0,5.66
473,bel ombre,SC,1731445773,-4.6167,55.4167,26.52,82,100,7.0
474,buchanan,LR,1731445523,5.8808,-10.0467,26.32,84,51,4.63
475,mount gambier,AU,1731445773,-37.8333,140.7667,13.43,74,0,3.11
476,vernon,CA,1731445774,50.2581,-119.2691,12.64,49,89,1.79
477,troitsko-pechorsk,RU,1731445527,62.7084,56.1964,-11.13,99,100,0.64
478,brooks,CA,1731445774,50.5834,-111.8851,11.13,35,0,3.7
479,kaa-khem,RU,1731445774,51.6833,94.7333,-9.69,47,0,2.38
480,kertih,MY,1731445530,4.5141,103.4483,24.01,94,100,0.0
481,serpa,PT,1731445775,37.9458,-7.5975,13.29,65,84,3.44
482,fort st. john,CA,1731445627,56.2499,-120.8529,-7.06,86,100,2.06
483,kone,NC,1731445776,-21.0595,164.8658,27.17,61,63,2.56
484,grants pass,US,1731445535,42.439,-123.3284,12.24,70,100,0.0
485,penzance,GB,1731445776,50.1186,-5.5371,7.09,78,100,7.72
486,kruisfontein,ZA,1731445538,-34.0033,24.7314,14.91,91,36,7.25
487,el nido,PH,1731445776,11.1858,119.3956,25.08,97,49,0.71
488,primero de mayo,AR,1731445777,-32.2552,-58.4228,24.34,23,31,4.27
489,al ghayzah,YE,1731445777,16.2079,52.176,25.25,56,0,0.73
490,bodo,NO,1731445777,67.28,14.405,7.02,94,75,4.63
491,nieuw amsterdam,SR,1731445777,5.8833,-55.0833,30.01,66,20,1.54
492,al hudaydah,YE,1731445778,14.7978,42.9545,28.09,65,100,5.9
493,nyrob,RU,1731445778,60.733,56.7202,-9.89,99,100,1.11
494,sao joao da barra,BR,1731445778,-21.6403,-41.0511,27.05,86,0,7.71
495,tweed heads,AU,1731445778,-28.1817,153.547,21.02,100,93,1.03
496,nyurba,RU,1731445551,63.2842,118.3319,-15.22,100,100,1.32
497,dalnegorsk,RU,1731445779,44.5604,135.5701,-4.5,60,30,3.2
498,mhamid,MA,1731445779,29.82,-5.72,22.26,24,38,5.67
499,antofagasta,CL,1731445779,-23.65,-70.4,18.6,76,2,2.85
500,riachao das neves,BR,1731445780,-11.7461,-44.91,22.75,92,89,1.76
501,pico truncado,AR,1731445780,-46.7949,-67.9573,18.53,37,92,8.66
502,monte alegre,BR,1731445780,-2.0078,-54.0692,32.06,47,41,2.75
503,shenandoah,US,1731445781,30.4013,-91.0009,20.94,94,100,1.34
504,basco,PH,1731445781,20.4487,121.9702,26.62,90,65,6.97
505,gaspe,CA,1731445781,48.8334,-64.4819,0.7,85,98,7.44
506,thomasville,US,1731445563,35.8826,-80.082,19.69,41,28,1.79
507,mil'kovo,RU,1731445782,55.6078,37.7956,1.86,57,95,2.97
508,grossenluder,DE,1731445782,50.5925,9.5423,4.1,94,62,3.28
509,saverne,FR,1731445782,48.8333,7.25,3.27,89,19,3.81
510,deder,ET,1731445782,9.3167,41.45,12.3,64,60,1.72
511,chernyshevsk,RU,1731445782,52.5243,117.0174,-15.59,99,54,0.71
512,brokopondo,SR,1731445783,4.75,-55.1667,27.43,78,95,2.77
513,kaoma,ZM,1731445783,-14.7833,24.8,18.95,76,61,1.48
514,saint-denis,FR,1731445783,48.9167,2.3333,10.27,79,100,5.14
515,moissala,TD,1731445783,8.3404,17.7663,25.73,48,4,1.43
516,inglewood-finn hill,US,1731445784,47.7205,-122.2317,11.92,84,63,4.92
517,ebon,MH,1731445784,4.582,168.6964,28.71,70,94,5.03
518,tokar,SD,1731445784,18.4254,37.729,28.67,68,0,6.08
519,waingapu,ID,1731445578,-9.6567,120.2641,26.19,76,98,2.35
520,revda,RU,1731445784,56.801,59.9303,-2.9,92,99,4.52
521,richards bay,ZA,1731445785,-28.783,32.0377,20.08,95,100,3.03
522,dakhla,EH,1731445583,23.6848,-15.958,20.01,88,1,9.26
523,marina del rey,US,1731445785,33.9803,-118.4517,23.3,44,0,5.14
524,shache,CN,1731445785,38.4167,77.2406,8.78,51,86,1.58
525,correntina,BR,1731445586,-13.3433,-44.6367,22.03,92,19,2.82
526,zhanaozen,KZ,1731445786,43.3,52.8,2.8,67,74,4.02
527,qarazhal,KZ,1731445786,48.0078,70.7903,-17.31,96,14,2.0
528,novyy urgal,RU,1731445787,51.0736,132.5642,-17.63,99,34,1.1
529,ginir,ET,1731445787,7.1333,40.7,13.9,59,4,2.29
530,dolbeau-mistassini,CA,1731445592,48.8763,-72.212,0.26,64,87,6.38
531,fort saskatchewan,CA,1731445594,53.7168,-113.2187,10.62,43,40,4.02
532,saudarkrokur,IS,1731445595,65.7461,-19.6394,5.76,74,93,19.03
533,ryotsu-minato,JP,1731445788,38.0833,138.4333,10.49,71,10,3.96
534,kencong,ID,1731445788,-8.2833,113.3667,24.78,89,86,1.18
535,hobyo,SO,1731445598,5.3505,48.5268,26.64,83,82,5.75
536,vyskov,CZ,1731445600,49.2775,16.999,2.16,96,75,2.07
537,barentu,ER,1731445602,15.1139,37.5928,24.62,51,33,2.19
538,lodwar,KE,1731445603,3.1191,35.5973,29.19,44,75,6.68
539,tabuk,PH,1731445789,17.4189,121.4443,22.88,94,100,0.47
540,anaconda,US,1731445790,46.1285,-112.9423,4.4,42,68,5.81
541,taunggyi,MM,1731445790,20.7833,97.0333,15.47,96,2,0.82
542,gaigeturi,KR,1731445790,33.4644,126.3183,16.94,71,5,4.73
543,kolokani,ML,1731445610,13.5728,-8.0339,27.76,22,100,2.51
544,lydenburg,ZA,1731445790,-25.0978,30.4597,13.23,95,74,0.45
545,pyin oo lwin,MM,1731445791,22.0333,96.4667,16.09,95,0,1.22
546,laibin,CN,1731445791,23.7,109.2667,23.37,72,65,1.13
547,barah,SD,1731445792,13.7,30.3667,26.2,29,0,6.91
548,yorkton,CA,1731445792,51.2167,-102.4677,7.34,59,100,2.69
549,itoman,JP,1731445661,26.1247,127.6694,25.01,83,75,4.63
550,oxford,GB,1731445621,51.7522,-1.256,9.09,82,75,5.66
551,kavieng,PG,1731445793,-2.5744,150.7967,28.38,75,28,3.45
552,progreso,MX,1731445738,21.2833,-89.6667,27.8,72,54,4.14
553,kodoli,IN,1731445793,16.8833,74.2,20.33,67,59,1.93
554,myeik,MM,1731445794,12.4333,98.6,25.68,84,61,1.59
555,quellon,CL,1731445794,-43.1167,-73.6167,13.53,72,100,2.67
556,giffoni valle piana,IT,1731445625,40.7181,14.9424,11.59,73,100,4.04
557,yuzhno-kurilsk,RU,1731445794,44.0306,145.8556,3.28,73,59,12.97
558,altai,MN,1731445794,46.3722,96.2583,-3.39,64,80,8.22
559,kapa'a,US,1731445795,22.0752,-159.319,27.18,74,0,7.2
560,zeerust,ZA,1731445633,-25.5369,26.0751,18.54,78,1,2.34
561,great falls,US,1731445795,47.5002,-111.3008,10.09,33,20,13.38
562,kill devil hills,US,1731445796,36.0307,-75.676,15.55,60,40,7.2
563,banda aceh,ID,1731445796,5.5577,95.3222,26.36,81,100,2.4
564,al jawf,SA,1731445638,29.5,38.75,18.25,50,11,3.79
565,peymeinade,FR,1731445639,43.6333,6.8833,9.99,68,75,2.06
566,atherton,GB,1731445796,53.5237,-2.4935,6.14,86,99,0.77
567,grand gaube,MU,1731445797,-20.0064,57.6608,23.54,85,8,1.34
568,sakassou,CI,1731445642,7.4546,-5.2926,25.11,70,53,1.41
569,wuwei,CN,1731445797,37.9281,102.6414,6.38,48,100,3.14
570,rittman,US,1731445798,40.9781,-81.7821,9.36,61,4,1.34
571,parabel',RU,1731445798,58.6978,81.4825,-13.15,92,100,3.6
572,khorixas,NA,1731445798,-20.3667,14.9667,24.19,22,32,4.74
573,pabna,BD,1731445648,24.0,89.25,22.23,68,0,2.09
574,whangarei,NZ,1731445799,-35.7317,174.3239,20.46,66,96,1.89
575,kirovsk,UA,1731445799,48.6375,38.6428,-0.37,79,14,2.47
576,balaklava,UA,1731445652,44.5,33.6,9.65,58,100,0.39
